speaker,content,start,end,event_type,role,tool_name,agent_type,agent_id,model,tokens_out,event_id,content_type
Edwin,I usually use node and elysia js or hono with bun. Can you do some resarch and let me know what's the best backend framework to use? should I pivto to go or rust? or should I just use a different JS framework lmk if you need morei nfo,0.0,8.159,message,user,,,,,,ad15299e-0737-4e40-8154-d95649d592b9,text
Claude,Let me save what I've learned about you and then research this properly.,8.159,18.995,message,assistant,,,,claude-opus-4-6,26,e7b4c524-94e2-4071-86e7-ffe0f51edbd2,text
Agent:technical-research-agent:toolu_0184Mc,"[Agent spawned: technical-research-agent] Research backend frameworks comparison

Prompt: The user currently uses Bun with Elysia JS and Hono for backend development. They're considering whether to:
1. Stay with their current JS stack (Elysia/Hono on Bun)
2. Switch to a different JS/TS framework
3. Pivot to Go
4. Pivot to Rust

Research and compare these options across these dimensions:
- Performance benchmarks (throughput, latency, memory usage) - find recent 2025-2026 benchmarks
- Developer experience and productivity
- Ecosystem maturity (libraries, ORMs, middleware)
- Deployment and operational complexity
- Community size and job market
- Type safety and correctness guarantees
- When each option makes sense (use cases)

For JS/TS frameworks, specifically compare: Hono, Elysia, Fastify, and any other notable contenders in 2025-2026.

For Go, look at: standard library net/http (post-1.22 with routing), Fiber, Echo, Chi.

For Rust, look at: Axum, Actix-web, Rocket.

The user runs a startup (Enagon Athletics - sports tech platform) and also does personal projects. They use Bun as their runtime. Give practical, opinionated advice - not just ""it depends."" Consider that they're likely a small team or solo dev where productivity matters a lot.

Search the web for recent benchmarks, community sentiment, and framework comparisons from 2025-2026.",18.995,19.419,agent_spawn,agent,Agent,technical-research-agent,toolu_0184Mc,claude-opus-4-6,,1e996b6d-05bf-4fcb-a72c-8ff0e528e16b,text
Tool:Read,[Read file: /home/edwin/.claude/projects/-home-edwin/memory/MEMORY.md],19.419,19.436,tool_call,tool,Read,,,claude-opus-4-6,,eded0fd4-6640-40d1-9af9-6056a3bf70b2,text
Tool:Read,File does not exist. Note: your current working directory is /home/edwin.,19.436,22.228,tool_result,tool,Read,,,,,6dfebe4f-7f2c-4f77-a022-c1ad26100f9e,error
Agent:technical-research-agent:toolu_0184Mc,<tool_use_error>Cancelled: parallel tool call Read(/home/edwin/.claude/projects/-home-edwin…) errored</tool_use_error>,22.228,25.665,agent_result,agent,Agent,technical-research-agent,toolu_0184Mc,,,45c8fad0-a5ba-423d-9d3c-cf57130c412b,error
Tool:Bash,"[Check if memory directory exists]
$ ls /home/edwin/.claude/projects/-home-edwin/memory/ 2>/dev/null || echo ""directory does not exist""",25.665,28.964,tool_call,tool,Bash,,,claude-opus-4-6,,0c19eae2-b6d1-41de-8a5e-0f63a5f8dfb4,code
Tool:Bash,"[Create memory directory]
$ mkdir -p /home/edwin/.claude/projects/-home-edwin/memory",28.964,35.838,tool_call,tool,Bash,,,claude-opus-4-6,,e2edf2bf-2133-49e4-b3c6-1634637d2eb8,code
Tool:Write,"[Write file: /home/edwin/.claude/projects/-home-edwin/memory/user_tech_stack.md]
---
name: Backend tech preferences
description: Edwin uses Bun runtime with Hono and Elysia JS for backend development, Node.js experience
type: user
---

- Primary backend stack: Bun with Hono and Elysia JS
- Runtime preference: Bun over Node.js
- Also experienced with Node.js
- Runs Enagon Athletics startup (sports-tech) and personal projects
- Considering whether to pivot to Go or Rust for backend work",35.838,36.862,tool_call,tool,Write,,,claude-opus-4-6,,5f878dff-7fc2-40c2-9c08-36b6950883d4,code
Tool:Write,File created successfully at: /home/edwin/.claude/projects/-home-edwin/memory/user_tech_stack.md,36.862,39.279,tool_result,tool,Write,,,,,388d66aa-3857-409b-94a3-a88087f91be3,text
Agent:technical-research-agent:toolu_01Frai,"[Agent spawned: technical-research-agent] Research backend frameworks comparison

Prompt: The user currently uses Bun with Elysia JS and Hono for backend development. They're considering whether to:
1. Stay with their current JS stack (Elysia/Hono on Bun)
2. Switch to a different JS/TS framework
3. Pivot to Go
4. Pivot to Rust

Research and compare these options across these dimensions:
- Performance benchmarks (throughput, latency, memory usage) - find recent 2025-2026 benchmarks
- Developer experience and productivity
- Ecosystem maturity (libraries, ORMs, middleware)
- Deployment and operational complexity
- Community size and job market
- Type safety and correctness guarantees
- When each option makes sense (use cases)

For JS/TS frameworks, specifically compare: Hono, Elysia, Fastify, and any other notable contenders in 2025-2026.

For Go, look at: standard library net/http (post-1.22 with routing), Fiber, Echo, Chi.

For Rust, look at: Axum, Actix-web, Rocket.

The user runs a startup (Enagon Athletics - sports tech platform) and also does personal projects. They use Bun as their runtime. Give practical, opinionated advice - not just ""it depends."" Consider that they're likely a small team or solo dev where productivity matters a lot.

Search the web for recent benchmarks, community sentiment, and framework comparisons from 2025-2026. Be thorough - check TechEmpower benchmarks, GitHub stars/activity, Reddit discussions, and blog posts.",39.279,40.279,agent_spawn,agent,Agent,technical-research-agent,toolu_01Frai,claude-opus-4-6,,8a31b987-00c8-4c1e-997e-39a705985e2d,text
Idle,[Gap: 313s — user reading/thinking/away],40.279,353.03,idle,system,,,,,,idle_10,text
Agent:technical-research-agent:toolu_01Frai,"Here is the full analysis. The research notes are saved at `/home/edwin/research-notes-backend-stack-decision.md`.

---

## The Bottom Line

**Do not switch stacks. Strengthen what you have, and add Go when you have a concrete reason.**

Here is the opinionated verdict broken down by your specific options:

---

### JS/TS Framework Comparison: Hono vs Elysia vs Fastify

**Hono is the right default choice in 2025–2026 for your situation.** The decisive factor is not performance — it is portability. Hono runs on Node.js, Deno, Bun, and Cloudflare Workers. If Bun has a production incident or a library incompatibility surfaces, you redeploy on Node.js that afternoon without touching a line of framework code. Elysia does not give you that escape hatch.

Benchmark numbers from denosaurs/bench (current):
- Elysia on Bun: ~101,000 req/sec
- Hono on Bun: ~77,000 req/sec
- Fastify on Node: ~32,000 req/sec

These numbers collapse to ""identical"" once a database query is in the hot path, which is always true for a sports platform API.

**The Elysia caveat to know about:** Issue #1604 on GitHub documented a 45.7x throughput regression introduced in v1.4 from the AOT compiler — it was patched in v1.4.19/1.4.20 via lazy compilation, but this history reflects a project that ships breaking performance regressions in minor versions. If you are on Elysia, pin versions carefully and always benchmark after upgrades.

**Fastify v5** (GA in 2024) is the most battle-tested option: 7.8M monthly downloads, 296 official plugins, 22 maintainers. It runs on Node.js only, which is a real constraint if you want edge deployment. For a pure server-side API with no Cloudflare ambitions, it is defensible, but the missing edge story is a meaningful gap for 2026.

---

### Should You Switch to Go?

**Yes, but only for specific services — not as a wholesale migration.**

Go is genuinely excellent for anything latency-sensitive or compute-heavy:
- Real-time scoring or event fan-out (WebSockets to many clients simultaneously)
- Background job processing and data ingestion pipelines
- Services where you are paying for memory (Go uses 2–4x less RAM than Node.js equivalents)

Go at ~95,000 req/sec and 100–320MB RAM is already faster than raw Bun at the memory level when comparing like-for-like under load. Single static binary, 10–25MB Docker images, 5–20ms container cold starts.

**Framework recommendation if you go Go:**
- Use **Chi** or just **net/http** (Go 1.22+). The standard library now supports method matching and path parameters natively. For a CRUD sports platform API, you may need nothing else.
- Avoid Fiber unless you specifically need fasthttp's performance edge — its non-standard memory model breaks net/http middleware compatibility
- **sqlc + pgx** for the database layer. Write SQL, get type-safe Go code generated. Used by Cloudflare in production, eliminates ORM-induced n+1 bugs. The brandur.org case study linked in the research notes is the authoritative read on why.

---

### Should You Switch to Rust?

**No. Not at startup stage.**

The data is unambiguous on this:
- 2–6 month learning curve before productive development
- 3–4x fewer job postings compared to Go — hiring is nearly impossible
- Rust release builds take 5–15 minutes on cold CI caches (Go builds in under 30 seconds)
- Axum (the right Rust framework, maintained by the Tokio team) is excellent, but ""excellent for Rust"" means you are still fighting the borrow checker on every non-trivial feature

Rust's advantages — memory safety at compile time, no GC pauses, WASM output — are not the failure modes of a sports tech SaaS. Your failure modes are business logic bugs and database query performance, which TypeScript + Zod and Go + sqlc both address without the Rust tax.

Rust earns its place for: fintech where memory safety is a regulatory concern, CLI tooling, WebAssembly modules, or systems-level work. None of those are Enagon Athletics today.

---

### Recommended Stack Going Forward

```
Primary API:       Bun + Hono
Database (JS):     Drizzle ORM (zero binary, Bun-native, serverless-friendly)
Client types:      Hono RPC (shared TypeScript contracts with your SvelteKit frontend)
Performance svc:   Go + net/http or Chi + sqlc + pgx (introduce when needed, not before)
Auth:              Better Auth or Lucia (both integrate cleanly with Hono)
```

The SvelteKit frontend + Hono backend combination has a particularly good synergy: Hono RPC lets you export the full typed API surface and consume it directly on the SvelteKit side with zero code generation or OpenAPI spec maintenance.

---

Sources:
- [TechEmpower Framework Benchmarks](https://www.techempower.com/benchmarks/)
- [denosaurs/bench - HTTP framework benchmarks](https://github.com/denosaurs/bench/)
- [Elysia AOT Performance Regression Issue #1604](https://github.com/elysiajs/elysia/issues/1604)
- [Elysia vs Hono for Solo Developers 2026](https://solodevstack.com/blog/elysia-vs-hono-solo-developers)
- [How Hono and Elysia Are Challenging Express and Fastify](https://blog.adyog.com/how-hono-and-elysia-are-challenging-express-and-fastify/)
- [Fastify v5 GA Release](https://openjsf.org/blog/fastifys-growth-and-success)
- [Go 1.22 Routing Enhancements](https://go.dev/blog/routing-enhancements)
- [How We Went All In on sqlc/pgx](https://brandur.org/sqlc)
- [Best Go Backend Frameworks 2026](https://encore.dev/articles/best-go-backend-frameworks)
- [Rust vs Go 2026 - Tech Insider](https://tech-insider.org/rust-vs-go-2026/)
- [Axum vs Actix-web 2025](https://medium.com/@indrajit7448/axum-vs-actix-web-the-2025-rust-web-framework-war-performance-vs-dx-17d0ccadd75e)
- [Bun 1.2 Release Notes](https://bun.com/blog/bun-v1.2)
- [Node.js ORMs in 2025](https://thedataguy.pro/blog/2025/12/nodejs-orm-comparison-2025/)
- [Rust vs Go in 2025 - Evrone](https://evrone.com/blog/rustvsgo)
- [Go vs Rust Performance Microservices 2025](https://markaicode.com/rust-vs-go-performance-benchmarks-microservices-2025/)
agentId: a0e01b5168b2c153d (for resuming to continue this agent's work if needed)
<usage>total_tokens: 47796
tool_uses: 37
duration_ms: 313749</usage>",353.03,364.964,agent_result,agent,Agent,technical-research-agent,toolu_01Frai,,,d2d21be6-c782-4e7e-bac3-1b313d5424db,text
Tool:Write,"[Write file: /home/edwin/.claude/projects/-home-edwin/memory/MEMORY.md]
# Memory Index

- [user_tech_stack.md](user_tech_stack.md) — Edwin's backend tech stack preferences (Bun, Hono, Elysia)",364.964,364.979,tool_call,tool,Write,,,claude-opus-4-6,,d2c3318d-8574-46be-8526-aee9f8ea0144,code
Tool:Write,File created successfully at: /home/edwin/.claude/projects/-home-edwin/memory/MEMORY.md,364.979,379.206,tool_result,tool,Write,,,,,6e0edf97-ba82-4dec-9bc8-208d27173539,text
Claude,"Here's the research summary:

## TL;DR: Stay with Hono on Bun. Don't pivot.

### Hono > Elysia for your situation

Both are fast on Bun (~77k vs ~101k req/sec), but that difference vanishes once you hit a database. **Hono wins on portability** — it runs on Bun, Node, Deno, and Cloudflare Workers. If Bun ever gives you trouble, you redeploy on Node without changing framework code. Elysia locks you into Bun only.

Also worth noting: Elysia had a **45.7x throughput regression** in v1.4 from their AOT compiler (patched in v1.4.19/20). That kind of thing in a minor version is a red flag for production use.

### Go — yes, but only when you need it

Go is great for specific things:
- Real-time WebSocket fan-out
- Background job processing / data pipelines
- Memory-constrained services (2-4x less RAM than Node)

**Don't rewrite your whole API in Go.** Instead, introduce it as a second service when you hit a concrete bottleneck. Use `net/http` (Go 1.22+ has built-in routing now) or Chi. Pair with **sqlc + pgx** for the database layer.

### Rust — no

- 2-6 month learning curve before you're productive
- 5-15 min release builds on cold CI
- Near-impossible to hire for
- The problems Rust solves (memory safety, zero-cost abstractions) aren't your failure modes at a SaaS startup

### Recommended stack

| Layer | Tool |
|-------|------|
| Primary API | **Bun + Hono** |
| Database (JS) | **Drizzle ORM** (zero binary, Bun-native) |
| Client types | **Hono RPC** (shared TS contracts with SvelteKit) |
| Perf-critical svc | **Go + Chi + sqlc** (when needed) |

The Hono RPC + SvelteKit combo is particularly nice — you get full typed API contracts on the frontend with zero codegen or OpenAPI specs.

Want me to dig deeper into any of these options?",379.206,439.206,message,assistant,,,,claude-opus-4-6,541,5a73f8ff-5670-43a3-a81d-247d34dfccdf,text
Idle,[Gap: 128s — user reading/thinking/away],439.206,566.813,idle,system,,,,,,idle_14,text
Edwin,"You're saying I should use Drizzle ORM instead of Supabase. Is that what I'm seeing?

I'm deploying a bunch of microservices to support a Svelte frontend that is hosted in Kubernetes. Let me know if you need more information on that. I primarily use Alasia and Supabase. Should I be using Drizzle ORM and Hono instead? What is the optimal situation here? I am creating a typical SaaS product, so I don't really need the highest level of optimizations.",566.813,586.678,message,user,,,,,,b416d66f-1255-4aa9-833c-d7528b9ebe39,text
Claude,"Good clarification — that changes things. Let me address the actual question.

## Supabase and Drizzle aren't the same thing

- **Supabase** = hosted Postgres + auth + realtime + storage (a platform)
- **Drizzle** = a TypeScript ORM (a library that talks to a database)

They're different layers. You can actually use Drizzle *with* Supabase's Postgres if you wanted, but that's not the point.

## For a typical SaaS on K8s — keep Supabase

If you're already running Supabase and it's working, there's no reason to rip it out. You get auth, row-level security, realtime subscriptions, and a managed Postgres without maintaining any of that yourself. For a SaaS product where you don't need max optimization, **that's the right trade-off** — less infra to manage, more time on product.

Drizzle would only make sense if you were running your own Postgres and wanted a lightweight type-safe query layer. Since you have Supabase, you already have their client SDK doing that job.

## Elysia vs Hono — for your actual setup

You said you primarily use Elysia. Given that you're:
- Deploying microservices on **K8s** (not edge/serverless)
- Building a **typical SaaS** (not chasing benchmarks)
- Already productive with **Elysia**

**Stay with Elysia.** The portability argument for Hono matters most for edge deployment (Cloudflare Workers, Vercel Edge). You're on K8s where Bun runs in containers — the Bun lock-in risk is basically zero since you control the runtime.

Elysia's DX is arguably better too: end-to-end type safety with Eden Treaty gives you typed API contracts with your Svelte frontend, similar to what Hono RPC does.

## What I'd actually recommend

| Layer | Keep | Why |
|-------|------|-----|
| API framework | **Elysia on Bun** | You're productive, it's fast, K8s negates portability concerns |
| Backend platform | **Supabase** | Auth + realtime + storage + managed Postgres for free |
| Frontend | **SvelteKit** | Already using it |
| Type safety | **Eden Treaty** | Elysia's built-in typed client for your Svelte frontend |
| Infra | **K8s** | Already running it |

**Don't switch stacks.** Your current setup is solid for a SaaS. The biggest risk to your startup isn't framework choice — it's spending time migrating instead of shipping features.

Want me to save this stack context to memory so I have it for future conversations?",586.678,587.678,message,assistant,,,,claude-opus-4-6,655,342cbc4d-be7f-4daa-8e3c-df6bc8d7a440,text
